{"cameraMode":{"drawMode":0,"name":"Shaded","section":"Shading Mode"},"sceneLighting":true,"audioPlay":false,"sceneViewState":{"showFog":true,"showMaterialUpdate":true,"showSkybox":true,"showFlares":true,"showImageEffects":true,"showParticleSystems":true},"in2DMode":false,"pivot":{"x":-1.2729463577270508,"y":5.197883129119873,"z":17.104068756103517},"rotation":{"x":-0.2949772775173187,"y":0.3922612965106964,"z":-0.135697141289711,"w":-0.8609480261802673},"size":34.94469451904297,"orthographic":true}